state,start_frame,end_frame,mid_frame,n_frames,start_time_s,end_time_s,mid_time_s,duration_s,mean_DA,manual_mode,manual_count,duration_rank_within_state
0,0,218,109,219,183.3,205.1,194.2,21.799999999999983,-0.747844602827867,,219,15
0,662,909,786,248,249.5,274.2,261.9,24.69999999999999,-0.6432288374848657,,248,12
0,1026,1634,1330,609,285.9,346.7,316.3,60.80000000000001,-0.3738343299152063,,609,3
0,2026,2090,2058,65,385.9,392.3,389.1,6.400000000000034,-0.14056973710022916,,65,43
0,2183,2377,2280,195,401.6,421.0,411.3,19.399999999999977,0.026957345476251515,,195,18
0,2422,2712,2567,291,425.5,454.5,440.0,29.0,0.2697320383839821,,291,10
0,2757,3379,3068,623,459.0,521.2,490.1,62.200000000000045,0.357890446138431,,623,2
0,3385,3558,3472,174,521.8,539.1,530.5,17.300000000000068,0.01840036469106465,,174,20
0,3580,3703,3642,124,541.3,553.6,547.5,12.300000000000068,0.7910645670670295,,124,27
0,3714,3917,3816,204,554.7,575.0,564.9,20.299999999999955,-0.08996933199146046,,204,17
0,4065,4442,4254,378,589.8,627.5,608.7,37.700000000000045,-0.29193613317211037,,378,6
0,4557,4656,4607,100,639.0,648.9,644.0,9.899999999999977,1.3528439195178001,,100,30
0,4699,4809,4754,111,653.2,664.2,658.7,11.0,-0.2587073524946198,,111,29
0,4932,5291,5112,360,676.5,712.4,694.5,35.89999999999998,0.5100725261811334,,360,7
0,5610,5830,5720,221,744.3,766.3,755.3,22.0,0.6065725327591925,,221,14
0,5939,6029,5984,91,777.2,857.2,781.7,80.0,-0.5663433239706483,,91,33
0,6073,6334,6204,262,861.6,887.7,874.7,26.100000000000023,-0.06403009787337789,,262,11
0,6463,6591,6527,129,900.6,913.4,907.0,12.799999999999955,0.23600858972202693,,129,25
0,6627,6722,6675,96,917.0,926.5,921.8,9.5,0.06851159761749236,,96,31
0,6839,6918,6879,80,938.2,946.1,942.2,7.899999999999977,1.1135898532377735,,80,38
0,6931,6938,6935,8,947.4,948.1,947.8,0.7000000000000455,0.13314313047862056,,8,61
0,7023,7162,7093,140,956.6,970.5,963.6,13.899999999999977,0.6770856034900732,,140,23
0,7188,7210,7199,23,973.1,975.3,974.2,2.199999999999932,0.1230796010001044,,23,55
0,7231,7297,7264,67,977.4,984.0,980.7,6.600000000000023,0.032296521664930175,,67,42
0,7309,7321,7315,13,985.2,986.4,985.8,1.1999999999999318,0.601640465621794,,13,58
0,7409,7499,7454,91,995.2,1004.2,999.7,9.0,0.24683506447889733,,91,34
0,7656,7707,7682,52,1019.9,1025.0,1022.5,5.100000000000023,0.7933578244228912,,52,49
0,7750,7767,7759,18,1029.3,1031.0,1030.2,1.7000000000000455,0.9493925642238934,,18,56
0,7794,7939,7867,146,1033.7,1048.2,1041.0,14.5,1.7489678545533867,,146,22
0,7990,8072,8031,83,1053.3,1061.5,1057.4,8.200000000000045,0.9418822443076857,,83,37
0,8319,8449,8384,131,1086.2,1099.2,1092.7,13.0,1.312487023075187,,131,24
0,8515,8546,8531,32,1105.8,1108.9,1107.4,3.1000000000001364,1.5152429867210326,,32,53
0,8573,8611,8592,39,1111.6,1115.4,1113.5,3.800000000000182,-0.9914126071004787,,39,52
0,8629,8703,8666,75,1117.2,1124.6,1120.9,7.399999999999864,-0.7561088545973541,,75,40
0,8709,8863,8786,155,1125.2,1140.6,1132.9,15.399999999999864,-0.49173224717932473,,155,21
0,8885,8947,8916,63,1142.8,1149.0,1145.9,6.2000000000000455,0.3802065370826404,,63,44
0,8957,9138,9048,182,1150.0,1173.5,1164.5,23.5,0.013407510908406795,,182,19
0,9226,9256,9241,31,1182.3,1185.3,1183.8,3.0,-0.1754228509537513,,31,54
0,9386,9476,9431,91,1198.3,1207.3,1202.8,9.0,-0.2828697648094859,,91,35
0,9765,9997,9881,233,1236.2,1259.4,1247.8,23.200000000000045,0.4257230303741327,,233,13
0,10016,10137,10077,122,1261.3,1273.4,1267.4,12.100000000000136,0.05181993793798169,,122,28
0,10162,10171,10167,10,1275.9,1276.8,1276.4,0.8999999999998636,0.5796076303074813,,10,60
0,10406,10840,10623,435,1300.3,1343.7,1322.0,43.40000000000009,0.10916211939363356,,435,5
0,10884,11370,11127,487,1348.1,1396.7,1372.4,48.600000000000136,-0.24246322072165777,,487,4
0,11463,11478,11471,16,1406.0,1407.5,1406.8,1.5,-1.191848259111167,,16,57
0,11550,11887,11719,338,1414.7,1448.4,1431.6,33.700000000000045,-0.9234107406060978,,338,8
0,12053,12772,12413,720,1465.0,1542.9,1507.0,77.90000000000009,0.022131592965788736,,720,1
0,12807,12882,12845,76,1546.4,1553.9,1550.2,7.5,1.1778587258524482,,76,39
0,12987,13043,13015,57,1564.4,1570.0,1567.2,5.599999999999909,1.5183871510409401,,57,46
0,13118,13129,13124,12,1577.5,1578.6,1578.1,1.099999999999909,1.7000050484685658,,12,59
0,13175,13229,13202,55,1583.2,1588.6,1585.9,5.399999999999864,1.6119689784953046,,55,47
0,13475,13515,13495,41,1613.2,1617.2,1615.2,4.0,0.5991889220509872,,41,51
0,13722,14042,13882,321,1637.9,1669.9,1653.9,32.0,-0.7548532025165584,,321,9
0,14056,14109,14083,54,1671.3,1676.6,1674.0,5.2999999999999545,-0.3375130474656728,,54,48
0,14123,14329,14226,207,1678.0,1698.6,1688.3,20.59999999999991,-0.2515726231271517,,207,16
0,14434,14524,14479,91,1709.1,1718.1,1713.6,9.0,-0.10522533525804185,,91,36
0,14541,14666,14604,126,1719.8,1732.3,1726.1,12.5,-0.15788995627464364,,126,26
0,14712,14763,14738,52,1736.9,1742.0,1739.5,5.099999999999909,-0.7132445103816065,,52,50
0,14780,14847,14814,68,1743.7,1750.4,1747.1,6.7000000000000455,-0.5636847494532882,,68,41
0,14893,14987,14940,95,1755.0,1764.4,1759.7,9.400000000000091,0.32460473112687327,,95,32
0,15026,15087,15057,62,1768.3,1774.4,1771.4,6.100000000000136,0.34009885835456055,,62,45
0,15123,15127,15125,5,1778.0,1778.4,1778.2,0.40000000000009095,0.22467424232554206,,5,62
1,219,661,440,443,205.2,249.4,227.3,44.20000000000002,-1.0210313152369073,,443,1
1,910,1025,968,116,274.3,285.8,280.1,11.5,-0.5776863834067665,,116,15
1,1635,2025,1830,391,346.8,385.8,366.3,39.0,0.6662642967942772,,391,2
1,2091,2182,2137,92,392.4,401.5,397.0,9.100000000000023,1.2784239270689712,,92,21
1,2378,2421,2400,44,421.1,425.4,423.3,4.2999999999999545,-0.4589150525122339,,44,33
1,2713,2756,2735,44,454.6,458.9,456.8,4.2999999999999545,-0.0993640017720166,,44,34
1,3380,3384,3382,5,521.3,521.7,521.5,0.40000000000009095,-1.218753503092905,,5,60
1,3559,3579,3569,21,539.2,541.2,540.2,2.0,-0.6091537793297574,,21,47
1,3704,3713,3709,10,553.7,554.6,554.2,0.8999999999999773,1.704165045302745,,10,58
1,3918,4064,3991,147,575.1,589.7,582.4,14.600000000000023,1.1938053663322281,,147,11
1,4443,4556,4500,114,627.6,638.9,633.3,11.299999999999955,1.7365919216915997,,114,17
1,4657,4698,4678,42,649.0,653.1,651.1,4.100000000000023,-0.0472136091067358,,42,37
1,4810,4931,4871,122,664.3,676.4,670.4,12.100000000000023,1.004985316628333,,122,14
1,5292,5609,5451,318,712.5,744.2,728.4,31.700000000000045,0.6167097916865596,,318,3
1,5831,5938,5885,108,766.4,777.1,771.8,10.700000000000045,0.262431733482369,,108,18
1,6030,6072,6051,43,857.3,861.5,859.4,4.2000000000000455,0.6636022906805453,,43,35
1,6335,6462,6399,128,887.8,900.5,894.2,12.700000000000045,-0.10273658031676287,,128,13
1,6592,6626,6609,35,913.5,916.9,915.2,3.3999999999999773,-0.5952647105259993,,35,40
1,6723,6838,6781,116,926.6,938.1,932.4,11.5,0.27634942672424,,116,16
1,6919,6930,6925,12,946.2,947.3,946.8,1.099999999999909,0.9684745466328843,,12,56
1,6939,7022,6981,84,948.2,956.5,952.4,8.299999999999955,1.2457414831763847,,84,25
1,7163,7187,7175,25,970.6,973.0,971.8,2.3999999999999773,0.07593267169267114,,25,45
1,7211,7230,7221,20,975.4,977.3,976.4,1.8999999999999773,-0.2656752033130311,,20,49
1,7298,7308,7303,11,984.1,985.1,984.6,1.0,0.4786425069299321,,11,57
1,7322,7408,7365,87,986.5,995.1,990.8,8.600000000000023,0.4524302175102248,,87,23
1,7500,7655,7578,156,1004.3,1019.8,1012.1,15.5,0.4811644739579914,,156,10
1,7708,7749,7729,42,1025.1,1029.2,1027.2,4.100000000000136,1.03876263632271,,42,38
1,7768,7793,7781,26,1031.1,1033.6,1032.4,2.5,1.4670278448921568,,26,43
1,7940,7989,7965,50,1048.3,1053.2,1050.8,4.900000000000091,2.4535508405748443,,50,29
1,8073,8318,8196,246,1061.6,1086.1,1073.9,24.5,0.44595242201886676,,246,5
1,8450,8514,8482,65,1099.3,1105.7,1102.5,6.400000000000091,1.6198879077815096,,65,28
1,8547,8572,8560,26,1109.0,1111.5,1110.3,2.5,1.1233908657090015,,26,44
1,8612,8628,8620,17,1115.5,1117.1,1116.3,1.599999999999909,-0.7851975904050205,,17,51
1,8704,8708,8706,5,1124.7,1125.1,1124.9,0.3999999999998636,-0.32837061811138,,5,61
1,8864,8884,8874,21,1140.7,1142.7,1141.7,2.0,0.6030222402214607,,21,48
1,8948,8956,8952,9,1149.1,1149.9,1149.5,0.8000000000001819,1.1409796604457911,,9,59
1,9139,9225,9182,87,1173.6,1182.2,1177.9,8.600000000000136,-0.3029331852716263,,87,24
1,9257,9385,9321,129,1185.4,1198.2,1191.8,12.799999999999955,-0.23378608335512627,,129,12
1,9477,9764,9621,288,1207.4,1236.1,1221.8,28.699999999999818,-0.11231747155450839,,288,4
1,9998,10015,10007,18,1259.5,1261.2,1260.4,1.7000000000000455,1.0751404224618575,,18,50
1,10138,10161,10150,24,1273.5,1275.8,1274.7,2.2999999999999545,0.2916450501462655,,24,46
1,10172,10405,10289,234,1276.9,1300.2,1288.6,23.299999999999955,1.0302801918816737,,234,7
1,10841,10883,10862,43,1343.8,1348.0,1345.9,4.2000000000000455,0.07162170954475923,,43,36
1,11371,11462,11417,92,1396.8,1405.9,1401.4,9.100000000000136,-1.0152876940521778,,92,22
1,11479,11549,11514,71,1407.6,1414.6,1411.1,7.0,-1.267547958164878,,71,27
1,11888,12052,11970,165,1448.5,1464.9,1456.7,16.40000000000009,-0.46946283623907775,,165,9
1,12773,12806,12790,34,1543.0,1546.3,1544.7,3.2999999999999545,1.5744776866515893,,34,42
1,12883,12986,12935,104,1554.0,1564.3,1559.2,10.299999999999955,0.9108616723008202,,104,19
1,13044,13117,13081,74,1570.1,1577.4,1573.8,7.300000000000182,1.8589033684855545,,74,26
1,13130,13174,13152,45,1578.7,1583.1,1580.9,4.399999999999864,2.571373891694945,,45,30
1,13230,13474,13352,245,1588.7,1613.1,1600.9,24.399999999999864,0.25872760934068995,,245,6
1,13516,13721,13619,206,1617.3,1637.8,1627.6,20.5,-1.0757379552705961,,206,8
1,14043,14055,14049,13,1670.0,1671.2,1670.6,1.2000000000000455,0.27118431373533775,,13,54
1,14110,14122,14116,13,1676.7,1677.9,1677.3,1.2000000000000455,-1.4191932172579205,,13,55
1,14330,14433,14382,104,1698.7,1709.0,1703.9,10.299999999999955,-0.7197985180559632,,104,20
1,14525,14540,14533,16,1718.2,1719.7,1719.0,1.5,-0.34445856049263635,,16,52
1,14667,14711,14689,45,1732.4,1736.8,1734.6,4.399999999999864,-0.4329144873657399,,45,31
1,14764,14779,14772,16,1742.1,1743.6,1742.9,1.5,-0.6043206089575173,,16,53
1,14848,14892,14870,45,1750.5,1754.9,1752.7,4.400000000000091,-0.05962097779614912,,45,32
1,14988,15025,15007,38,1764.5,1768.2,1766.4,3.7000000000000455,0.46460249345312815,,38,39
1,15088,15122,15105,35,1774.5,1777.9,1776.2,3.400000000000091,0.40340646621808113,,35,41
